{"firstName":"Marlon","lastName":"Karim","city":"CDMX","position":"Main Developer","employeeid":"88888","email":"k@cyk.mx","mailCode":"66-66-66-666","acceptance":"Mark Hkr","recipe":{"recipeTitle":"My super recipe 1","recipeServings":"6","recipeCat":"sss","setIngredient_1":"Cake","recipeIngredient_1":["Ingredient cake number 1","Ingredient cake number 2","Ingredient cake number 3","Ingredient cake number 4","Ingredient cake number 5","Ingredient cake number 6","Ingredient cake number 7"],"setIngredient_2":"Icing","recipeIngredient_2":["Ingredient icing number 1","Ingredient icing number 2","Ingredient icing number 3","Ingredient icing number 4","Ingredient icing number 5","Ingredient icing number 6","Ingredient icing number 7","Ingredient icing number 8"],"setIngredient_3":"Cake again","recipeIngredient_3":["Ingredient cake again number 1","Ingredient cake again number 2","Ingredient cake again number 5","Ingredient cake again number 6","Ingredient cake again number 7","Ingredient cake again number 8","Ingredient cake again number 9","Ingredient cake again number 10"],"recipeMethod_1":"Cake","recipeStep_1":["Mix the ingredients","Mix the fluor with everything else, except the 44 pieces of gold","Mix the ingredients again","Mix the ingredients again and again","Mix the ingredients again and again","Mix the ingredients again and again","Mix the ingredients again and again","Add the gold"],"recipeMethod_2":"Icing","recipeStep_2":["Mix the ingredients","Mix the fluor with everything else, except the 44 pieces of gold","Add the gold","Mix the ingredients again"],"recipeMethod_3":"Cake 2","recipeStep_3":["Mix the ingredients again","And you know the rest"],"recipeStory":"Lorem ipsum dolor sit amet, consectetur adipiscing elit. Pellentesque ultrices lacus porta, elementum elit eu, elementum arcu. Sed faucibus volutpat turpis at volutpat. Quisque odio diam, egestas quis massa nec, finibus hendrerit est. Donec magna eros, consequat a dolor sed, porta facilisis eros. Donec justo risus, facilisis ac neque vel, ultricies scelerisque ligula. Etiam et tristique neque. Pellentesque at leo sit amet lorem ornare viverra. Suspendisse consectetur mollis pretium. Maecenas rho","approval":"0"},"userImage":"https://s3-us-west-2.amazonaws.com/elastic-cookbook/userImage-66666","dishImage":"https://s3-us-west-2.amazonaws.com/elastic-cookbook/dishImage-66666"}