{"cookie":{"originalMaxAge":21599997,"expires":"2016-11-23T16:01:18.885Z","httpOnly":true,"path":"/"},"__lastAccess":1479895278888,"userData":{"firstName":"Tony","lastName":"Moraga","city":"Los Angeles","position":"VP, Community Relations Officer","employeeid":"92192","email":"tony.moraga@bbva.com","mailCode":"CA-LA-SO-CRR","acceptance":"Anthony P Moraga","recipe":{"recipeTitle":"Elegant Earl Grey Bread Pudding","recipeServings":"20","setIngredient_1":"Bread Pudding","recipeIngredient_1":["8 bags Earl Grey tea","5 cups whole milk","1 ½ cups granulated sugar","5 eggs","24 ounces Hawaiian sweet rolls"],"recipeMethod_1":"Bread Pudding","recipeStep_1":["Steep 8 tea bags of Earl Grey tea in 5 cups of whole milk. Let tea mixture cool to room temperature (even better if over night). Set the tea bags aside.","In a large bowl, mix the granulated sugar and 5 eggs. Blend until fully incorporated almost until achieving soft peaks. Add a pinch of salt and empty the loose leaf tea from the tea bags into the mixture. Blend until fully incorporated and add milk mixture.","In a large pan, roughly tear the fresh sweet rolls into large chunks and pour mixture over bread. Mix or fluff bread until it is completely coated in the milk mixture. Cover with tin foil.","Preheat the oven to 350°F and bake for 90 minutes.","Remove the mixture from the oven and let stand for 2 hours. Refrigerate over night.","Mix cold bread pudding - leaving in large chunks. Scoop and serve!"],"recipeStory":"My husband and I have had high tea in numerous countries around the world and it's one of our favorite pastimes together. As an avid tea drinker, this appealed to me immediately when I tried it at a bread pudding parlor. I was immediately hooked and needed to recreate this masterpiece so I cobbled together this recipe over time and finally perfected it. It's the perfect balance of sweetness with a little jolt of caffeine that pairs well with whipped cream or vanilla ice cream. Scoop and enjoy!","dishImage":"https://s3-us-west-2.amazonaws.com/elastic-cookbook/dishImage-92192","userImage":"https://s3-us-west-2.amazonaws.com/elastic-cookbook/userImage-92192","approval":"0"},"userImage":"https://s3-us-west-2.amazonaws.com/elastic-cookbook/userImage-92192","dishImage":"https://s3-us-west-2.amazonaws.com/elastic-cookbook/dishImage-92192"}}