{"firstName":"fbzdfb","lastName":"bzdgbd","city":"dzb<sf","position":"b dgfb df","employeeid":"66666","email":"k@cyk.mx","mailCode":"66-66-66-666","acceptance":"vsfb <sf","recipe":{"recipeTitle":"dvfxv gjn jg","recipeServings":"6","setIngredient_1":"cngzn","recipeIngredient_1":["nzgfngfnfzh","jmtkm"," thjm hjm"],"setIngredient_2":"nzg","recipeIngredient_2>":["nfhnzgfn","nfhnzgn","xnzfgn"],"recipeIngredient_2":"mhfhm","recipeMethod_1":"mfhgm","recipeStep_1":["fn xnfg","xnmfgm","hm xfhm xfh"],"recipeMethod_2":"fgnzfzgn","recipeStep_2":["fgnfhn","xnf","hm fxh","hm fxh"],"recipeMethod_3":["mxhmxh fz","vrebvetb"],"recipeStep_3":["Este es un texto de verdad","Este es un texto de verdad","Este es un texto de verdad"],"recipeStory":"id=\"portImage\"dvdfbafrasg"},"userImage":"https://s3-us-west-2.amazonaws.com/elasticbeanstalk-us-west-2-524253160393/userImage-66666","dishImage":"https://s3-us-west-2.amazonaws.com/elasticbeanstalk-us-west-2-524253160393/dishImage-66666"}